<?xml version="1.0" encoding="UTF-8"?>
<beans  xmlns="http://www.springframework.org/schema/beans"
        xmlns:xsi="http://www.w3.org/2001/XMLSchema-instance"
        xmlns:aop="http://www.springframework.org/schema/aop"
        xmlns:tx="http://www.springframework.org/schema/tx"
        xmlns:context="http://www.springframework.org/schema/context"
        xsi:schemaLocation="http://www.springframework.org/schema/beans http://www.springframework.org/schema/beans/spring-beans-2.0.xsd
            http://www.springframework.org/schema/aop http://www.springframework.org/schema/aop/spring-aop-2.0.xsd
            http://www.springframework.org/schema/tx http://www.springframework.org/schema/tx/spring-tx-2.0.xsd
            http://www.springframework.org/schema/context http://www.springframework.org/schema/context/spring-context.xsd"
            default-lazy-init="true">


    <!-- =================================================================== -->
    <!-- AOP: Configuration and Aspects                                      -->
    <!-- =================================================================== -->
    <aop:config>
        <aop:advisor id="managerLoggingAdvisor" advice-ref="loggingAdvice" pointcut="execution(* *..service.*Manager*.*(..))" order="1"/>
        <aop:advisor id="daoLoggingAdvisor" advice-ref="loggingAdvice" pointcut="execution(* *..dao.*DAO*.*(..))" order="2"/>
        <aop:advisor id="managerExceptionAdvisor" advice-ref="exceptionAdvice" pointcut="execution(* *..service.*Manager*.*(..))" order="3"/>
        <aop:advisor id="managerTx" advice-ref="txAdvice" pointcut="execution(* *..service.*Manager*.*(..))" order="4"/>
    </aop:config>

    <!-- Enable @Transactional support -->
    <tx:annotation-driven/>
	<!-- <tx:annotation-driven proxy-target-class="true"/> -->


    <!-- Fix bug in Spring 2.0.6: http://issues.appfuse.org/browse/APF-887 -->
    <bean class="org.springframework.transaction.aspectj.AnnotationTransactionAspect" factory-method="aspectOf" dependency-check="none" lazy-init="false">
        <property name="transactionManager" ref="transactionManager"/>
    </bean>

    <!-- I/F Database 추가시 추가영역  시작-->

    <bean class="org.springframework.transaction.aspectj.AnnotationTransactionAspect" factory-method="aspectOf" dependency-check="none" lazy-init="false">
        <property name="transactionManager" ref="transactionManagerPCMS"/>
    </bean>
    <bean class="org.springframework.transaction.aspectj.AnnotationTransactionAspect" factory-method="aspectOf" dependency-check="none" lazy-init="false">
        <property name="transactionManager" ref="transactionManagerWARS"/>
    </bean>
    <bean class="org.springframework.transaction.aspectj.AnnotationTransactionAspect" factory-method="aspectOf" dependency-check="none" lazy-init="false">
        <property name="transactionManager" ref="transactionManagerMETA"/>
    </bean>
    <bean class="org.springframework.transaction.aspectj.AnnotationTransactionAspect" factory-method="aspectOf" dependency-check="none" lazy-init="false">
        <property name="transactionManager" ref="transactionManagerTABLESPACE"/>
    </bean>        
    <bean class="org.springframework.transaction.aspectj.AnnotationTransactionAspect" factory-method="aspectOf" dependency-check="none" lazy-init="false">
        <property name="transactionManager" ref="transactionManagerIPAS"/>
    </bean>
    <bean class="org.springframework.transaction.aspectj.AnnotationTransactionAspect" factory-method="aspectOf" dependency-check="none" lazy-init="false">
        <property name="transactionManager" ref="transactionManagerWHYDEA"/>
    </bean>
    <!-- I/F Database 추가시 추가영역  끝-->

    <!-- Enable @AspectJ support -->
    <aop:aspectj-autoproxy/>

    <!-- Enable @Configured support -->
    <aop:spring-configured/>

    <tx:advice id="txAdvice">
        <tx:attributes>
            <!-- Read-only commented out to make things easier for end-users -->
            <!-- http://issues.appfuse.org/browse/APF-556 -->
            <!--tx:method name="get*" read-only="true"/-->
            <tx:method name="*"/>
        </tx:attributes>
    </tx:advice>

    <bean id="loggingAdvice" class="com.solutionlink.itscope.framework.aop.LoggingAdvice"/>
    <bean id="exceptionAdvice" class="com.solutionlink.itscope.framework.aop.ExceptionAdvice"/>

    <!-- =================================================================== -->
    <!-- Transaction, DataSource, sqlMapClient Setting                       -->
    <!-- =================================================================== -->
    <!-- Transaction manager for a single JDBC DataSource -->
    <bean id="transactionManager" class="org.springframework.jdbc.datasource.DataSourceTransactionManager">
        <property name="dataSource" ref="dataSource"/>
    </bean>
    <!-- I/F Database 추가시 추가영역  시작 -->
     <bean id="transactionManagerPCMS" class="org.springframework.jdbc.datasource.DataSourceTransactionManager">
        <property name="dataSource" ref="dataSourcePCMS"/>
    </bean>
    <bean id="transactionManagerWARS" class="org.springframework.jdbc.datasource.DataSourceTransactionManager">
        <property name="dataSource" ref="dataSourceWARS"/>
    </bean>
     <bean id="transactionManagerMETA" class="org.springframework.jdbc.datasource.DataSourceTransactionManager">
        <property name="dataSource" ref="dataSourceMETA"/>
    </bean>
     <bean id="transactionManagerTABLESPACE" class="org.springframework.jdbc.datasource.DataSourceTransactionManager">
        <property name="dataSource" ref="dataSourceTABLESPACE"/>
    </bean>
    <bean id="transactionManagerIPAS" class="org.springframework.jdbc.datasource.DataSourceTransactionManager">
        <property name="dataSource" ref="dataSourceIPAS"/>
    </bean>    
    <bean id="transactionManagerWHYDEA" class="org.springframework.jdbc.datasource.DataSourceTransactionManager">
        <property name="dataSource" ref="dataSourceWHYDEA"/>
    </bean>
    <!-- I/F Database 추가시 추가영역  끝-->


    <!-- For mail settings and future properties files -->
    <bean id="propertyConfigurer" class="org.springframework.beans.factory.config.PropertyPlaceholderConfigurer">
        <property name="locations">
            <list>
                <value>classpath:common.properties</value>
            </list>
        </property>
    </bean>

    <!-- SqlMap setup for iBATIS Database Layer -->
    <bean id="sqlMapClient" class="org.springframework.orm.ibatis.SqlMapClientFactoryBean">
        <property name="configLocation">
            <value>classpath:/sql-map-config.xml</value>
        </property>
        <property name="dataSource" ref="dataSource"/>
        <property name="lobHandler" ref="oracleLobhandler"/>
    </bean>
    <!-- I/F Database 추가시 추가영역 시작-->
    <bean id="sqlMapClientPCMS" class="org.springframework.orm.ibatis.SqlMapClientFactoryBean">
        <property name="configLocation">
            <value>classpath:/sql-map-config.xml</value>
        </property>
        <property name="dataSource" ref="dataSourcePCMS"/>
    </bean>

    <bean id="sqlMapClientWARS" class="org.springframework.orm.ibatis.SqlMapClientFactoryBean">
        <property name="configLocation">
            <value>classpath:/sql-map-config.xml</value>
        </property>
        <property name="dataSource" ref="dataSourceWARS"/>
    </bean>

    <bean id="sqlMapClientMETA" class="org.springframework.orm.ibatis.SqlMapClientFactoryBean">
        <property name="configLocation">
            <value>classpath:/sql-map-config.xml</value>
        </property>
        <property name="dataSource" ref="dataSourceMETA"/>
    </bean>

    <bean id="sqlMapClientTABLESPACE" class="org.springframework.orm.ibatis.SqlMapClientFactoryBean">
        <property name="configLocation">
            <value>classpath:/sql-map-config.xml</value>
        </property>
        <property name="dataSource" ref="dataSourceTABLESPACE"/>
    </bean>
    
    <bean id="sqlMapClientIPAS" class="org.springframework.orm.ibatis.SqlMapClientFactoryBean">
        <property name="configLocation">
            <value>classpath:/sql-map-config.xml</value>
        </property>
        <property name="dataSource" ref="dataSourceIPAS"/>
    </bean>
	<bean id="sqlMapClientWHYDEA" class="org.springframework.orm.ibatis.SqlMapClientFactoryBean">
        <property name="configLocation">
            <value>classpath:/sql-map-config.xml</value>
        </property>
        <property name="dataSource" ref="dataSourceWHYDEA"/>
    </bean>

    <!-- I/F Database 추가시 추가영역 끝-->

    <!-- JNDI DataSource for J2EE environments -->
    <!--<jee:jndi-lookup id="dataSource" jndi-name="java:comp/env/jdbc/appfuse"/>-->

	<!--  운영 및 테스트 서버용 applicationContext.xml은 아래 부분의 dataSource부분을 주석처리 합니다. -->
    <!--
    <bean id="dataSource" class="org.apache.commons.dbcp.BasicDataSource" destroy-method="close">
        <property name="driverClassName" value="${jdbc.driverClassName}"/>
        <property name="url" value="${jdbc.url}"/>
        <property name="username" value="${jdbc.username}"/>
        <property name="password" value="${jdbc.password}"/>
        <property name="maxActive" value="100"/>
        <property name="maxWait" value="10000"/>
        <property name="poolPreparedStatements" value="true"/>
        <property name="defaultAutoCommit" value="true"/>
    </bean>
    -->
    <!-- I/F Database 추가시 추가영역 시작-->
    <bean id="dataSourcePCMS" class="org.apache.commons.dbcp.BasicDataSource" destroy-method="close">
        <property name="driverClassName" value="${jdbc.driverClassName}"/>
        <property name="url" value="${jdbc_pcms.url}"/>
        <property name="username" value="${jdbc_pcms.username}"/>
        <property name="password" value="${jdbc_pcms.password}"/>
        <property name="maxActive" value="100"/>
        <property name="maxWait" value="10000"/>
        <property name="poolPreparedStatements" value="true"/>
        <property name="defaultAutoCommit" value="true"/>
    </bean>

    <bean id="dataSourceWARS" class="org.apache.commons.dbcp.BasicDataSource" destroy-method="close">
        <property name="driverClassName" value="${jdbc_wars.driverClassName}"/>
        <property name="url" value="${jdbc_wars.url}"/>
        <property name="username" value="${jdbc_wars.username}"/>
        <property name="password" value="${jdbc_wars.password}"/>
        <property name="maxActive" value="100"/>
        <property name="maxWait" value="10000"/>
        <property name="poolPreparedStatements" value="true"/>
        <property name="defaultAutoCommit" value="true"/>
    </bean>

    <bean id="dataSourceMETA" class="org.apache.commons.dbcp.BasicDataSource" destroy-method="close">
        <property name="driverClassName" value="${jdbc_meta.driverClassName}"/>
        <property name="url" value="${jdbc_meta.url}"/>
        <property name="username" value="${jdbc_meta.username}"/>
        <property name="password" value="${jdbc_meta.password}"/>
        <property name="maxActive" value="100"/>
        <property name="maxWait" value="10000"/>
        <property name="poolPreparedStatements" value="true"/>
        <property name="defaultAutoCommit" value="true"/>
    </bean>

    <bean id="dataSourceTABLESPACE" class="org.apache.commons.dbcp.BasicDataSource" destroy-method="close">
        <property name="driverClassName" value="${jdbc_tablespace.driverClassName}"/>
        <property name="url" value="${jdbc_tablespace.url}"/>
        <property name="username" value="${jdbc_tablespace.username}"/>
        <property name="password" value="${jdbc_tablespace.password}"/>
        <property name="maxActive" value="100"/>
        <property name="maxWait" value="10000"/>
        <property name="poolPreparedStatements" value="true"/>
        <property name="defaultAutoCommit" value="true"/>
    </bean>
    
    <bean id="dataSourceIPAS" class="org.apache.commons.dbcp.BasicDataSource" destroy-method="close">
        <property name="driverClassName" value="${jdbc_ipas.driverClassName}"/>
        <property name="url" value="${jdbc_ipas.url}"/>
        <property name="username" value="${jdbc_ipas.username}"/>
        <property name="password" value="${jdbc_ipas.password}"/>
        <property name="maxActive" value="100"/>
        <property name="maxWait" value="10000"/>
        <property name="poolPreparedStatements" value="true"/>
        <property name="defaultAutoCommit" value="true"/>
    </bean>
    
    <bean id="dataSourceWHYDEA" class="org.apache.commons.dbcp.BasicDataSource" destroy-method="close">
        <property name="driverClassName" value="${jdbc_whydea.driverClassName}"/>
        <property name="url" value="${jdbc_whydea.url}"/>
        <property name="username" value="${jdbc_whydea.username}"/>
        <property name="password" value="${jdbc_whydea.password}"/>
        <property name="maxActive" value="100"/>
        <property name="maxWait" value="10000"/>
        <property name="poolPreparedStatements" value="true"/>
        <property name="defaultAutoCommit" value="true"/>
    </bean>

    <!-- I/F Database 추가시 추가영역 끝-->


    <!-- 운영 및 테스트 서버를 위한 영역입니다. 삭제 하지 마세요.(20120802 남장우)
   	운영 및 테스트 서버에는 주석 영역의 dataSource의 주석을 해제하고 위의 dataSource를 주석처리 합니다.-->
    <bean id="dataSource" class="org.springframework.jndi.JndiObjectFactoryBean">
		<property name="jndiName">
			<value>jdbc/wpms</value>
		</property>
	</bean>

    <bean id="nativeJdbcExtractor" class="org.springframework.jdbc.support.nativejdbc.SimpleNativeJdbcExtractor"
		lazy-init="true"/>

	<bean id="oracleLobhandler" class="org.springframework.jdbc.support.lob.OracleLobHandler"
		lazy-init="true">
		<property name="nativeJdbcExtractor" ref="nativeJdbcExtractor" />
	</bean>

    <!-- =================================================================== -->
    <!-- MessageSource, Property Setting                                     -->
    <!-- =================================================================== -->
    <!-- 2. annotation 기반  controller 매핑.
        현재 적용중인 가장 일반적인 형태.
    -->
    <bean class="org.springframework.web.servlet.mvc.annotation.DefaultAnnotationHandlerMapping">
        <property name="order" value="1" />
        <property name="interceptors">
            <list>
                <ref bean="localeChangeInterceptor" />
                <ref bean="loggingInterceptor" />
            </list>
        </property>
    </bean>


    <!-- view resolver 선언: jsp는 /WEB-INF/page 밑에 .jsp형태로 작성됨  -->
    <bean id="viewResolver" class="org.springframework.web.servlet.view.InternalResourceViewResolver">
        <property name="viewClass" value="org.springframework.web.servlet.view.JstlView"></property>
        <property name="prefix" value="/WEB-INF/pages/"></property>
        <property name="suffix" value=".jsp"></property>
    </bean>

    <bean id="messageSource" class="org.springframework.context.support.ResourceBundleMessageSource">
        <property name="basenames">
            <list>
                <value>ApplicationResources</value>
                <value>message_common</value>
                <value>message_mypage</value>
                <value>message_project</value>
                <value>message_library</value>
                <value>message_dashboard</value>
            </list>
        </property>
        <!--  메시지 갱신 주기
        <property name="cacheSeconds" value="${messagebundle.cache.second}" />
        -->
    </bean>
    <!--
    <bean id="localeResolver"
    class="org.springframework.web.servlet.i18n.CookieLocaleResolver" >
    <property name="cookieName" value="clientlanguage"/>
    <property name="cookieMaxAge" value="100000"/>
    <property name="cookiePath" value="web/cookie"/>
    </bean>
     -->

    <bean id="localeResolver" class="org.springframework.web.servlet.i18n.SessionLocaleResolver" />
    <!--
        <property name="defaultLocale" value="${locale.default}" />
    </bean>
     -->

    <bean id="localeChangeInterceptor" class="org.springframework.web.servlet.i18n.LocaleChangeInterceptor">
        <property name="paramName" value="${locale.paramName}" />
    </bean>

    <bean id="loggingInterceptor" class="com.solutionlink.itscope.framework.aop.LoggingHandlerInterceptor"></bean>



    <!-- =================================================================== -->
    <!-- Mail: Sender and Velocity configuration                             -->
    <!-- =================================================================== -->
    <!--
    <bean id="javaMailSender" class="com.solutionlink.itscope.framework.util.JavaMailAuthenticatior">
        <property name="host" value="white.sol-link.com" />
        <property name="port" value="25" />
        <property name="protocol" value="smtps" />
        <property name="username" value="mjkim"/>
        <property name="password" value="mjkim1234"/>
    </bean>
    <bean id="mimeMailSender" class="com.solutionlink.itscope.framework.util.MimeMailSender">
        <property name="sender">
            <ref bean="javaMailSender" />
        </property>
    </bean>

    <bean id="mailEngine" class="com.solutionlink.itscope.sample.service.MailEngine">
        <property name="mailSender" ref="mailSender"/>
        <property name="velocityEngine" ref="velocityEngine"/>
        <property name="from" value="${mail.default.from}"/>
    </bean>
    -->
    <!-- Uncomment if you need to authenticate with your SMTP Server
    <bean id="mailSender" class="org.springframework.mail.javamail.JavaMailSenderImpl">
        <property name="host" value="${mail.host}"/>
        <property name="port" value="${mail.port}" />
        <property name="protocol" value="smtps" />
        <property name="username" value="${mail.username}"/>
        <property name="password" value="${mail.password}"/>
        <property name="javaMailProperties">
            <props>
                <prop key="mail.smtps.auth">true</prop>
                <prop key="mail.smtps.startls.enable">true</prop>
                <prop key="mail.smtps.debug">true</prop>
            </props>
        </property>
    </bean>
      -->
    <!--
     <bean id="templateMessage" class="org.springframework.mail.SimpleMailMessage" >
        <property name="from" value="oleekim@hanmail.com"/>
        <property name="to" value="mjkim@sol-link"/>
        <property name="subject" value="테스트"/>
    </bean>
     -->
    <!-- Configure Velocity for sending e-mail
    <bean id="velocityEngine" class="org.springframework.ui.velocity.VelocityEngineFactoryBean">
        <property name="velocityProperties">
            <props>
                <prop key="resource.loader">class</prop>
                <prop key="class.resource.loader.class">
                    org.apache.velocity.runtime.resource.loader.ClasspathResourceLoader
                </prop>
                <prop key="velocimacro.library"></prop>
            </props>
        </property>
    </bean>
    -->
    <!--
    <bean id="mailMessage" class="org.springframework.mail.SimpleMailMessage" scope="prototype">
        <property name="from" value="${mail.default.from}"/>
    </bean>
     -->
</beans>
