﻿<?xml version="1.0" encoding="UTF-8"?>
<beans xmlns="http://www.springframework.org/schema/beans" xmlns:xsi="http://www.w3.org/2001/XMLSchema-instance"
       xmlns:aop="http://www.springframework.org/schema/aop"
       xsi:schemaLocation="http://www.springframework.org/schema/beans http://www.springframework.org/schema/beans/spring-beans-2.0.xsd
            http://www.springframework.org/schema/aop http://www.springframework.org/schema/aop/spring-aop-2.0.xsd"
       default-lazy-init="true">

    <!-- ======================== FILTER CHAIN ======================= -->
    <bean id="filterChainProxy" class="org.acegisecurity.util.FilterChainProxy">
        <property name="filterInvocationDefinitionSource">
            <value>
                CONVERT_URL_TO_LOWERCASE_BEFORE_COMPARISON
                PATTERN_TYPE_APACHE_ANT
                /images/**=#NONE#
                /pal/**=#NONE#
                /scripts/**=#NONE#
                /styles/**=#NONE#
                /login.do=#NONE#
                /erpinterface.do=#NONE#
                /common/commbatch.do=#NONE#
                /common/commonstaticstring.do=#NONE#
                /gantt/ganttchart.do=#NONE#
                /mobile/**=#NONE#
                /**=httpSessionContextIntegrationFilter,authenticationProcessingFilter,securityContextHolderAwareRequestFilter,rememberMeProcessingFilter,anonymousProcessingFilter,exceptionTranslationFilter,filterInvocationInterceptor
            </value>
            <!-- Put channelProcessingFilter before securityContextHolderAwareRequestFilter to turn on SSL switching -->
            <!-- It's off by default b/c Canoo WebTest doesn't support SSL out-of-the-box -->
        </property>
    </bean>

    <bean id="httpSessionContextIntegrationFilter" class="org.acegisecurity.context.HttpSessionContextIntegrationFilter"/>

    <!-- Changed to use logout.jsp since causes 404 on WebSphere: http://issues.appfuse.org/browse/APF-566 -->
    <!--bean id="logoutFilter" class="org.acegisecurity.ui.logout.LogoutFilter">
        <constructor-arg value="/index.jsp"/>
        <constructor-arg>
            <list>
                <ref bean="rememberMeServices"/>
                <bean class="org.acegisecurity.ui.logout.SecurityContextLogoutHandler"/>
            </list>
        </constructor-arg>
        <property name="filterProcessesUrl" value="/logout.jsp"/>
    </bean-->

    <bean id="authenticationProcessingFilter" class="com.solutionlink.itscope.framework.filter.MyAuthenticationProcessingFilter">
        <property name="authenticationManager" ref="authenticationManager"/>
        <property name="authenticationFailureUrl" value="/login2.jsp?error=true"/>
        <property name="defaultTargetUrl" value="/"/>
        <property name="filterProcessesUrl" value="/j_security_check"/>
        <property name="rememberMeServices" ref="rememberMeServices"/>
    </bean>

    <bean id="securityContextHolderAwareRequestFilter" class="org.acegisecurity.wrapper.SecurityContextHolderAwareRequestFilter"/>

    <bean id="rememberMeProcessingFilter" class="org.acegisecurity.ui.rememberme.RememberMeProcessingFilter">
        <property name="authenticationManager" ref="authenticationManager"/>
        <property name="rememberMeServices" ref="rememberMeServices"/>
    </bean>

    <bean id="anonymousProcessingFilter" class="org.acegisecurity.providers.anonymous.AnonymousProcessingFilter">
        <property name="key" value="anonymous"/>
        <property name="userAttribute" value="anonymous,ROLE_ANONYMOUS"/>
    </bean>

    <bean id="exceptionTranslationFilter" class="org.acegisecurity.ui.ExceptionTranslationFilter">
        <property name="authenticationEntryPoint">
            <bean class="org.acegisecurity.ui.webapp.AuthenticationProcessingFilterEntryPoint">
                <property name="loginFormUrl" value="/login2.jsp"/>
                <property name="forceHttps" value="false"/>
            </bean>
        </property>
        <property name="accessDeniedHandler">
            <bean class="org.acegisecurity.ui.AccessDeniedHandlerImpl"/>
        </property>
    </bean>

    <bean id="filterInvocationInterceptor" class="org.acegisecurity.intercept.web.FilterSecurityInterceptor">
        <property name="authenticationManager" ref="authenticationManager"/>
        <property name="accessDecisionManager" ref="accessDecisionManager"/>
        <property name="objectDefinitionSource">
            <value>
                PATTERN_TYPE_APACHE_ANT
                <!-- /welcome.jsp*=ROLE_PM/팀장,ROLE_팀원,ROLE_PL/책임개발자,ROLE_개발자,ROLE_형상관리담당자,ROLE_품질관리자,ROLE_보안관리자,ROLE_AMO,ROLE_DBA,ROLE_공통모듈담당자,ROLE_IO담당자,ROLE_SP(시스템 프로그래머),ROLE_OP(운영 프로그래머),ROLE_요청자,ROLE_공통 -->
                <!-- /**/*.do*=ROLE_PM/팀장,ROLE_팀원,ROLE_PL/책임개발자,ROLE_개발자,ROLE_형상관리담당자,ROLE_품질관리자,ROLE_보안관리자,ROLE_AMO,ROLE_DBA,ROLE_공통모듈담당자,ROLE_IO담당자,ROLE_SP(시스템 프로그래머),ROLE_OP(운영 프로그래머),ROLE_요청자,ROLE_공통,ROLE_BA,ROLE_Admin,ROLE_지표관리자 -->
                /**/*.do*=ROLE_1,ROLE_2,ROLE_3,ROLE_4,ROLE_5,ROLE_6,ROLE_7,ROLE_8,ROLE_9,ROLE_10,ROLE_11,ROLE_12,ROLE_13,ROLE_14,ROLE_15,ROLE_16,ROLE_17,ROLE_18,ROLE_19,ROLE_20,ROLE_21,ROLE_22,ROLE_23,ROLE_24,ROLE_25,ROLE_25,ROLE_26,ROLE_27,ROLE_28,ROLE_29,ROLE_30,ROLE_31,ROLE_32,ROLE_33,ROLE_34,ROLE_35,ROLE_36,ROLE_37,ROLE_38,ROLE_39,ROLE_40,ROLE_41,ROLE_42,ROLE_43,ROLE_44,ROLE_45,ROLE_46,ROLE_47,ROLE_48,ROLE_49,ROLE_50,ROLE_51,ROLE_52,ROLE_53,ROLE_60,ROLE_61,ROLE_62,ROLE_63,ROLE_64,ROLE_65,ROLE_66 
            </value>
        </property>
    </bean>

    <bean id="accessDecisionManager" class="org.acegisecurity.vote.AffirmativeBased">
        <property name="allowIfAllAbstainDecisions" value="false"/>
        <property name="decisionVoters">
            <list>
                <bean class="org.acegisecurity.vote.RoleVoter"/>
            </list>
        </property>
    </bean>

    <bean id="rememberMeServices" class="org.acegisecurity.ui.rememberme.TokenBasedRememberMeServices">
        <property name="userDetailsService" ref="userManager"/>
        <property name="key" value="23_*!cdU='612./e;NrI"/>
        <property name="parameter" value="rememberMe"/>
    </bean>

    <bean id="authenticationManager" class="org.acegisecurity.providers.ProviderManager">
        <property name="providers">
            <list>
                <ref bean="daoAuthenticationProvider"/>
                <ref local="anonymousAuthenticationProvider"/>
                <ref local="rememberMeAuthenticationProvider"/>
            </list>
        </property>
    </bean>

    <bean id="anonymousAuthenticationProvider" class="org.acegisecurity.providers.anonymous.AnonymousAuthenticationProvider">
        <property name="key" value="anonymous"/>
    </bean>

    <bean id="rememberMeAuthenticationProvider" class="org.acegisecurity.providers.rememberme.RememberMeAuthenticationProvider">
        <property name="key" value="23_*!cdU='612./e;NrI"/>
    </bean>

    <bean id="daoAuthenticationProvider" class="com.solutionlink.itscope.framework.dao.DaoPMSAuthenticationProvider">
         <property name="userDetailsService" ref="userManager"/>
         <property name="passwordEncoder" ref="passwordEncoder"/>
    </bean>

    <bean id="passwordEncoder" class="org.acegisecurity.providers.encoding.ShaPasswordEncoder"/>

    <!-- Uncomment to disabling password encryption -->    
    <!-- <bean id="passwordEncoder" class="org.acegisecurity.providers.encoding.PlaintextPasswordEncoder"/> -->

    <!-- This bean is optional; it isn't used by any other bean as it only listens and logs -->
    <bean id="loggerListener" class="org.acegisecurity.event.authentication.LoggerListener"/>

    <!-- Apply method-level interceptor to userManager bean 
    <aop:config>
        <aop:advisor id="managerSecurity" advice-ref="methodSecurityInterceptor" pointcut="execution(* com.solutionlink.itscope.sample.service.UserManager.*(..))"/>
    </aop:config>

    <bean id="methodSecurityInterceptor" class="org.acegisecurity.intercept.method.aopalliance.MethodSecurityInterceptor">
        <property name="authenticationManager" ref="authenticationManager"/>
        <property name="accessDecisionManager" ref="accessDecisionManager"/>
        <property name="objectDefinitionSource">
             <value>
                 com.solutionlink.itscope.sample.service.UserManager.getUsers=ROLE_ADMIN
                 com.solutionlink.itscope.sample.service.UserManager.removeUser=ROLE_ADMIN
             </value>
        </property>
    </bean>
	-->
	
    <!-- SSL Switching: to use this, configure it in the filterChainProxy bean 
    <bean id="channelProcessingFilter" class="org.acegisecurity.securechannel.ChannelProcessingFilter">
        <property name="channelDecisionManager" ref="channelDecisionManager"/>
        <property name="filterInvocationDefinitionSource">
            <value>
                PATTERN_TYPE_APACHE_ANT
                /admin/**=REQUIRES_SECURE_CHANNEL
                /login*=REQUIRES_SECURE_CHANNEL
                /j_security_check*=REQUIRES_SECURE_CHANNEL
                /editProfile.do*=REQUIRES_SECURE_CHANNEL
                /signup.do*=REQUIRES_SECURE_CHANNEL
                /saveUser.do*=REQUIRES_SECURE_CHANNEL
                /**=REQUIRES_INSECURE_CHANNEL
            </value>
        </property>
    </bean>
    <bean id="channelDecisionManager" class="org.acegisecurity.securechannel.ChannelDecisionManagerImpl">
        <property name="channelProcessors">
            <list>
                <bean class="org.acegisecurity.securechannel.SecureChannelProcessor"/>
                <bean class="org.acegisecurity.securechannel.InsecureChannelProcessor"/>
            </list>
        </property>
    </bean>
	-->
</beans>
