<?xml version="1.0" encoding="UTF-8"?>
<beans:beans xmlns="http://www.springframework.org/schema/security"
  xmlns:beans="http://www.springframework.org/schema/beans"
  xmlns:xsi="http://www.w3.org/2001/XMLSchema-instance"
  xsi:schemaLocation="http://www.springframework.org/schema/beans
           http://www.springframework.org/schema/beans/spring-beans-3.2.xsd
           http://www.springframework.org/schema/security
           http://www.springframework.org/schema/security/spring-security-3.2.xsd">
	
	<http pattern="/upload/**"  security="none"/>           
	<http pattern="/tagfree/**" security="none"/>           
    <http auto-config='true' use-expressions="true" >
    	<intercept-url pattern="/favicon.ico" access="permitAll" />
    	<intercept-url pattern="/images/**" access="permitAll" />
        <intercept-url pattern="/scripts/**" access="permitAll" />
        <intercept-url pattern="/styles/**" access="permitAll" />
        <intercept-url pattern="/login.do**" access="permitAll" />
        <intercept-url pattern="/erpinterface.do**" access="permitAll" />
        <intercept-url pattern="/common/commbatch.do**" access="permitAll" />
        <intercept-url pattern="/pal/knowledge.do**" access="permitAll" />
        <intercept-url pattern="/common/commonstaticstring.do**" access="permitAll" />
		<intercept-url pattern="/login_new.jsp" access="permitAll" />
		<intercept-url pattern="/login_sso.jsp**" access="permitAll" />
		<intercept-url pattern="/login_admin.jsp**" access="permitAll" />
		<intercept-url pattern="/login.do?CM=loginFail" access="permitAll" />
		<intercept-url pattern="/login.do?CM=ssoCall**" access="permitAll" />
		<intercept-url pattern="/j_spring_security_check?CM=SSOLOGIN**" access="permitAll" />
		<intercept-url pattern="/login_duplicate.jsp" access="permitAll" />
		<intercept-url pattern="/**" access="hasRole('ROLE_USER')" />
		<form-login login-page="/login_new.jsp"
					default-target-url="/login.do?CM=newLogin"
					authentication-failure-handler-ref="myAuthErrorHandler" 
					username-parameter="j_username" 
					password-parameter="password"		
					always-use-default-target='true'
		/>
		<logout logout-success-url="/logout.jsp" /> 
		
		<session-management>
			<concurrency-control max-sessions="1" expired-url="/login_duplicate.jsp"/>
		</session-management>
		
	</http>
	   	
 		 
 	<beans:bean class="org.springframework.security.web.access.expression.DefaultWebSecurityExpressionHandler"/>

	<authentication-manager alias="authenticationManager" >
		<authentication-provider ref="customAuthenticationProvider" />

	</authentication-manager>
    
    <beans:bean id="customAuthenticationProvider" class="com.solutionlink.itscope.framework.dao.CustomAuthenticationProvider" >
    	<beans:property name="userManager" ref="userManager"/>
    </beans:bean>

    
    <beans:bean id="passwordEncoder"  class="org.springframework.security.authentication.encoding.ShaPasswordEncoder">
	</beans:bean>	
	
	<beans:bean id="myAuthErrorHandler" class="com.solutionlink.itscope.framework.listener.AuthentificationListener"/>

    
</beans:beans>